fitbit,2009-09-28 00:00:00,http://web.archive.org/web/20091004024914/http://www.fitbit.com:80/privacy,fitbit/fitbit-2009-09-28.txt,2011-07-21 00:00:00,http://web.archive.org/web/20110902041958/http://www.fitbit.com:80/privacy,fitbit/fitbit-2011-07-21.txt,2011-12-15 00:00:00,http://web.archive.org/web/20111228134222/http://www.fitbit.com:80/privacy,fitbit/fitbit-2011-12-15.txt,2012-01-06 00:00:00,http://web.archive.org/web/20120228065725/http://www.fitbit.com:80/privacy,fitbit/fitbit-2012-01-06.txt,2014-01-03 00:00:00,http://web.archive.org/web/20140122080852/http://www.fitbit.com/privacy,fitbit/fitbit-2014-01-03.txt,2014-12-09 00:00:00,http://web.archive.org/web/20150103022306/http://www.fitbit.com/privacy,fitbit/fitbit-2014-12-09.txt
fitbit,2009-09-28 00:00:00,http://web.archive.org/web/20091004024914/http://www.fitbit.com:80/privacy,fitbit/fitbit-2009-09-28.txt,2011-07-21 00:00:00,http://web.archive.org/web/20110902041958/http://www.fitbit.com:80/privacy,fitbit/fitbit-2011-07-21.txt,2011-12-15 00:00:00,http://web.archive.org/web/20111228134222/http://www.fitbit.com:80/privacy,fitbit/fitbit-2011-12-15.txt,2012-01-06 00:00:00,http://web.archive.org/web/20120228065725/http://www.fitbit.com:80/privacy,fitbit/fitbit-2012-01-06.txt,2014-01-03 00:00:00,http://web.archive.org/web/20140122080852/http://www.fitbit.com/privacy,fitbit/fitbit-2014-01-03.txt,2014-12-09 00:00:00,http://web.archive.org/web/20150103022306/http://www.fitbit.com/privacy,fitbit/fitbit-2014-12-09.txt
fitbit,2009-09-28 00:00:00,http://web.archive.org/web/20091004024914/http://www.fitbit.com:80/privacy,fitbit/fitbit-2009-09-28.txt,2011-07-21 00:00:00,http://web.archive.org/web/20110902041958/http://www.fitbit.com:80/privacy,fitbit/fitbit-2011-07-21.txt,2011-12-15 00:00:00,http://web.archive.org/web/20111228134222/http://www.fitbit.com:80/privacy,fitbit/fitbit-2011-12-15.txt,2012-01-06 00:00:00,http://web.archive.org/web/20120228065725/http://www.fitbit.com:80/privacy,fitbit/fitbit-2012-01-06.txt,2014-01-03 00:00:00,http://web.archive.org/web/20140122080852/http://www.fitbit.com/privacy,fitbit/fitbit-2014-01-03.txt,2014-12-09 00:00:00,http://web.archive.org/web/20150103022306/http://www.fitbit.com/privacy,fitbit/fitbit-2014-12-09.txt
fitbit,2009-09-28 00:00:00,http://web.archive.org/web/20091004024914/http://www.fitbit.com:80/privacy,fitbit/fitbit-2009-09-28.txt,2011-07-21 00:00:00,http://web.archive.org/web/20110902041958/http://www.fitbit.com:80/privacy,fitbit/fitbit-2011-07-21.txt,2011-12-15 00:00:00,http://web.archive.org/web/20111228134222/http://www.fitbit.com:80/privacy,fitbit/fitbit-2011-12-15.txt,2012-01-06 00:00:00,http://web.archive.org/web/20120228065725/http://www.fitbit.com:80/privacy,fitbit/fitbit-2012-01-06.txt,2014-01-03 00:00:00,http://web.archive.org/web/20140122080852/http://www.fitbit.com/privacy,fitbit/fitbit-2014-01-03.txt,2014-12-09 00:00:00,http://web.archive.org/web/20150103022306/http://www.fitbit.com/privacy,fitbit/fitbit-2014-12-09.txt
fitbit,2009-09-28 00:00:00,http://web.archive.org/web/20091004024914/http://www.fitbit.com:80/privacy,fitbit/fitbit-2009-09-28.txt,2011-07-21 00:00:00,http://web.archive.org/web/20110902041958/http://www.fitbit.com:80/privacy,fitbit/fitbit-2011-07-21.txt,2011-12-15 00:00:00,http://web.archive.org/web/20111228134222/http://www.fitbit.com:80/privacy,fitbit/fitbit-2011-12-15.txt,2012-01-06 00:00:00,http://web.archive.org/web/20120228065725/http://www.fitbit.com:80/privacy,fitbit/fitbit-2012-01-06.txt,2014-01-03 00:00:00,http://web.archive.org/web/20140122080852/http://www.fitbit.com/privacy,fitbit/fitbit-2014-01-03.txt,2014-12-09 00:00:00,http://web.archive.org/web/20150103022306/http://www.fitbit.com/privacy,fitbit/fitbit-2014-12-09.txt
fitbit,2009-09-28 00:00:00,http://web.archive.org/web/20091004024914/http://www.fitbit.com:80/privacy,fitbit/fitbit-2009-09-28.txt,2011-07-21 00:00:00,http://web.archive.org/web/20110902041958/http://www.fitbit.com:80/privacy,fitbit/fitbit-2011-07-21.txt,2011-12-15 00:00:00,http://web.archive.org/web/20111228134222/http://www.fitbit.com:80/privacy,fitbit/fitbit-2011-12-15.txt,2012-01-06 00:00:00,http://web.archive.org/web/20120228065725/http://www.fitbit.com:80/privacy,fitbit/fitbit-2012-01-06.txt,2014-01-03 00:00:00,http://web.archive.org/web/20140122080852/http://www.fitbit.com/privacy,fitbit/fitbit-2014-01-03.txt,2014-12-09 00:00:00,http://web.archive.org/web/20150103022306/http://www.fitbit.com/privacy,fitbit/fitbit-2014-12-09.txt
fitbit,2014-12-09 00:00:00,http://web.archive.org/web/20160123082727/http://www.fitbit.com/legal/privacy-policy,fitbit/fitbit-2014-12-09.txt,2016-08-09 00:00:00,http://web.archive.org/web/20170330214550/https://www.fitbit.com/legal/privacy-policy,fitbit/fitbit-2016-08-09.txt,2017-09-28 00:00:00,http://web.archive.org/web/20171004151806/https://www.fitbit.com/legal/privacy-policy,fitbit/fitbit-2017-09-28.txt,2018-04-23 00:00:00,http://web.archive.org/web/20180508005637/https://www.fitbit.com/legal/privacy-policy,fitbit/fitbit-2018-04-23.txt,2018-09-18 00:00:00,http://web.archive.org/web/20181004214736/https://www.fitbit.com/legal/privacy-policy,fitbit/fitbit-2018-09-18.txt
fitbit,2014-12-09 00:00:00,http://web.archive.org/web/20160123082727/http://www.fitbit.com/legal/privacy-policy,fitbit/fitbit-2014-12-09.txt,2016-08-09 00:00:00,http://web.archive.org/web/20170330214550/https://www.fitbit.com/legal/privacy-policy,fitbit/fitbit-2016-08-09.txt,2017-09-28 00:00:00,http://web.archive.org/web/20171004151806/https://www.fitbit.com/legal/privacy-policy,fitbit/fitbit-2017-09-28.txt,2018-04-23 00:00:00,http://web.archive.org/web/20180508005637/https://www.fitbit.com/legal/privacy-policy,fitbit/fitbit-2018-04-23.txt,2018-09-18 00:00:00,http://web.archive.org/web/20181004214736/https://www.fitbit.com/legal/privacy-policy,fitbit/fitbit-2018-09-18.txt
fitbit,2014-12-09 00:00:00,http://web.archive.org/web/20160123082727/http://www.fitbit.com/legal/privacy-policy,fitbit/fitbit-2014-12-09.txt,2016-08-09 00:00:00,http://web.archive.org/web/20170330214550/https://www.fitbit.com/legal/privacy-policy,fitbit/fitbit-2016-08-09.txt,2017-09-28 00:00:00,http://web.archive.org/web/20171004151806/https://www.fitbit.com/legal/privacy-policy,fitbit/fitbit-2017-09-28.txt,2018-04-23 00:00:00,http://web.archive.org/web/20180508005637/https://www.fitbit.com/legal/privacy-policy,fitbit/fitbit-2018-04-23.txt,2018-09-18 00:00:00,http://web.archive.org/web/20181004214736/https://www.fitbit.com/legal/privacy-policy,fitbit/fitbit-2018-09-18.txt
fitbit,2014-12-09 00:00:00,http://web.archive.org/web/20160123082727/http://www.fitbit.com/legal/privacy-policy,fitbit/fitbit-2014-12-09.txt,2016-08-09 00:00:00,http://web.archive.org/web/20170330214550/https://www.fitbit.com/legal/privacy-policy,fitbit/fitbit-2016-08-09.txt,2017-09-28 00:00:00,http://web.archive.org/web/20171004151806/https://www.fitbit.com/legal/privacy-policy,fitbit/fitbit-2017-09-28.txt,2018-04-23 00:00:00,http://web.archive.org/web/20180508005637/https://www.fitbit.com/legal/privacy-policy,fitbit/fitbit-2018-04-23.txt,2018-09-18 00:00:00,http://web.archive.org/web/20181004214736/https://www.fitbit.com/legal/privacy-policy,fitbit/fitbit-2018-09-18.txt
fitbit,2014-12-09 00:00:00,http://web.archive.org/web/20160123082727/http://www.fitbit.com/legal/privacy-policy,fitbit/fitbit-2014-12-09.txt,2016-08-09 00:00:00,http://web.archive.org/web/20170330214550/https://www.fitbit.com/legal/privacy-policy,fitbit/fitbit-2016-08-09.txt,2017-09-28 00:00:00,http://web.archive.org/web/20171004151806/https://www.fitbit.com/legal/privacy-policy,fitbit/fitbit-2017-09-28.txt,2018-04-23 00:00:00,http://web.archive.org/web/20180508005637/https://www.fitbit.com/legal/privacy-policy,fitbit/fitbit-2018-04-23.txt,2018-09-18 00:00:00,http://web.archive.org/web/20181004214736/https://www.fitbit.com/legal/privacy-policy,fitbit/fitbit-2018-09-18.txt
